threshold,total_return,sharpe_ratio,win_rate,trade_count
0.0,10953.228763613744,17.191226607846694,0.7083333333333334,720
0.02,10727.640430280411,16.829244581827606,0.7144927536231884,690
0.05,10458.51834694708,16.59164713445399,0.7226502311248074,649
0.1,9906.675013613745,15.555192094377242,0.7349397590361446,581
